data,fluxo
25/5/2021 19:58:58,10.166667
25/5/2021 19:59:1,20.333334
25/5/2021 19:59:4,30.5
25/5/2021 19:59:8,40.666668
25/5/2021 19:59:11,50.833336
25/5/2021 19:59:14,61.000004
25/5/2021 19:59:17,71.16667
25/5/2021 19:59:20,81.333336
25/5/2021 19:59:24,91.5
25/5/2021 19:59:27,101.666664
25/5/2021 19:59:30,111.83333
25/5/2021 19:59:33,121.99999
25/5/2021 19:59:36,132.16666
25/5/2021 19:59:39,142.33333
25/5/2021 19:59:43,152.5
25/5/2021 19:59:46,162.66667
